,Ano,Livros,Jogos,Cadernos
count,3.0,3.0,3.0,3.0
mean,2017.0,407.3333333333333,1118.3333333333333,61.666666666666664
std,1.0,171.56145643277026,1053.4217262489574,17.243356208503418
min,2016.0,224.0,455.0,43.0
25%,2016.5,329.0,511.0,54.0
50%,2017.0,434.0,567.0,65.0
75%,2017.5,499.0,1450.0,71.0
max,2018.0,564.0,2333.0,77.0
